dataset,mode,missing_rate,seed,n_shots,status,reason,run_id,plan_id,n_test,run_dir,roc_auc_estimate,roc_auc_bootstrap_mean,roc_auc_bootstrap_std,roc_auc_n_bootstrap_valid,f1_estimate,f1_bootstrap_mean,f1_bootstrap_std,f1_n_bootstrap_valid,accuracy_estimate,accuracy_bootstrap_mean,accuracy_bootstrap_std,accuracy_n_bootstrap_valid,precision_estimate,precision_bootstrap_mean,precision_bootstrap_std,precision_n_bootstrap_valid,recall_estimate,recall_bootstrap_mean,recall_bootstrap_std,recall_n_bootstrap_valid
bank,zero_shot,0.0,42,0,completed,,phi4_bank_zero_shot,phi_20260927,9043,runs/phi4_bank_zero_shot,0.5675745993492052,0.5674849264000363,0.010737061065982425,1000,0.0,0.0,0.0,1000,0.8830034280659074,0.8828551365697224,0.003411697254930542,1000,0.0,0.0,0.0,1000,0.0,0.0,0.0,1000
bank,few_shot,0.0,42,64,completed,,phi4_bank_few_shot_n64,phi_20260927,9043,runs/phi4_bank_few_shot_n64,0.6373499224088643,0.637319786434822,0.010303719178975847,1000,0.2266553480475382,0.2268094800911486,0.006793354742556194,1000,0.3955545725975893,0.3956851708503815,0.005275584270766407,1000,0.13327787021630616,0.13341310388008407,0.004483929241083556,1000,0.7570888468809074,0.7567350226876197,0.013562899865828799,1000
bank,finetune,0.0,42,0,completed,,phi4_bank_finetune_m000_ep3,phi_20260927,9043,runs/phi4_bank_finetune_m000_ep3,0.9222309552528193,0.922270489002778,0.003696697309014684,1000,0.5730514357841591,0.5733228207280502,0.010843396549420303,1000,0.8503815105606547,0.8503332964724095,0.0038508067023329292,1000,0.43012790146849833,0.43041616777637814,0.01106696571256147,1000,0.8582230623818525,0.8586331703232761,0.010509542073515905,1000
bank,finetune,0.2,42,0,completed,,phi4_bank_finetune_m020_ep3,phi_20260927,9043,runs/phi4_bank_finetune_m020_ep3,0.8954800648190782,0.8957405546617525,0.004561222749445804,1000,0.5049985718366181,0.5054668338022684,0.01068233756428439,1000,0.8083600575030411,0.8084180028751521,0.004199723077409833,1000,0.3618501841997544,0.3623167221792113,0.010107384538347695,1000,0.8355387523629489,0.8360296386919206,0.011117769916979452,1000
bank,finetune,0.5,42,0,completed,,phi4_bank_finetune_m050_ep3,phi_20260927,9043,runs/phi4_bank_finetune_m050_ep3,0.8257331504131683,0.8258674321500794,0.00684894304039666,1000,0.43506115317414096,0.4353685527218759,0.011057952529950177,1000,0.7854694238637621,0.7853983191418776,0.004577240975470939,1000,0.3143939393939394,0.3147105637769943,0.009933527712594255,1000,0.7060491493383743,0.7064624744716436,0.014263430272799202,1000
bank,finetune,0.9,42,0,completed,,phi4_bank_finetune_m090_ep3,phi_20260927,9043,runs/phi4_bank_finetune_m090_ep3,0.6342954002838498,0.6348515472540789,0.009133786619431022,1000,0.24836363636363637,0.24874338695568923,0.007887171973407202,1000,0.5428508238416455,0.5427005418555789,0.005408852521007903,1000,0.15375956776226926,0.15403174337583483,0.005557313879495216,1000,0.6455576559546313,0.6463604691516222,0.014206405211249846,1000
bank,multitask,0.0,42,0,missing,Run directory does not exist,bank,phi_retry_20261005,,runs/retry_20261005/phi4_multitask/bank,,,,,,,,,,,,,,,,,,,,
blood,zero_shot,0.0,42,0,completed,,phi4_blood_zero_shot,phi_20260927,150,runs/phi4_blood_zero_shot,0.6961500974658869,0.6966197671620519,0.05603133615288657,1000,0.05,0.047489634457835335,0.04808592295993739,1000,0.7466666666666667,0.7484066666666668,0.035671033071361366,1000,0.25,0.24283373015873014,0.25344502386506823,1000,0.027777777777777776,0.02702287896243213,0.028067753521669434,1000
blood,few_shot,0.0,42,64,completed,,phi4_blood_few_shot_n64,phi_20260927,150,runs/phi4_blood_few_shot_n64,0.616593567251462,0.6157579110984496,0.055888541565036816,1000,0.3488372093023256,0.3437299276250317,0.06751487243815435,1000,0.6266666666666667,0.62648,0.03821347759455909,1000,0.3,0.2973113331482546,0.06671215747741134,1000,0.4166666666666667,0.4151920524166822,0.08462760168182634,1000
blood,finetune,0.0,42,0,completed,,phi4_blood_finetune_m000_ep20,phi_20260927,150,runs/phi4_blood_finetune_m000_ep20,0.7692495126705653,0.7711277971083161,0.049866443527389705,1000,0.5081967213114754,0.5053503100103601,0.05397516481235731,1000,0.6,0.6005266666666667,0.03811412362567301,1000,0.36046511627906974,0.3593040650178165,0.05066362790089838,1000,0.8611111111111112,0.862973676648001,0.057206220681490165,1000
blood,finetune,0.2,42,0,completed,,phi4_blood_finetune_m020_ep20,phi_20260927,150,runs/phi4_blood_finetune_m020_ep20,0.7635233918128655,0.7657165002803663,0.047395419449788194,1000,0.48484848484848486,0.482385587355736,0.07503240084681194,1000,0.7733333333333333,0.7755733333333333,0.03246113081675978,1000,0.5333333333333333,0.534933869218334,0.09089394734618256,1000,0.4444444444444444,0.4455272369327703,0.08261675908402584,1000
blood,finetune,0.5,42,0,running,Runtime status is running,phi4_blood_finetune_m050_ep20,phi_retry_20261005,,runs/retry_20261005/phi4_blood_finetune_m050_ep20,,,,,,,,,,,,,,,,,,,,
blood,finetune,0.9,42,0,completed,,phi4_blood_finetune_m090_ep20,phi_20260927,150,runs/phi4_blood_finetune_m090_ep20,0.5321637426900585,0.5311417976599059,0.05383924486644995,1000,0.1951219512195122,0.19328846716585918,0.08241124920502202,1000,0.78,0.7816199999999999,0.033035001979722124,1000,0.8,0.7962581057831057,0.20632407051898913,1000,0.1111111111111111,0.11249871096545032,0.053018364251766335,1000
blood,multitask,0.0,42,0,missing,Run directory does not exist,blood,phi_retry_20261005,,runs/retry_20261005/phi4_multitask/blood,,,,,,,,,,,,,,,,,,,,
california,zero_shot,0.0,42,0,completed,,phi4_california_zero_shot,phi_20260927,4127,runs/phi4_california_zero_shot,0.5792067790941919,0.578855043389874,0.008738858811548568,1000,0.0,0.0,0.0,1000,0.5001211533801793,0.5004596559244002,0.008025089778929986,1000,0.0,0.0,0.0,1000,0.0,0.0,0.0,1000
california,few_shot,0.0,42,64,completed,,phi4_california_few_shot_n64,phi_20260927,4127,runs/phi4_california_few_shot_n64,0.6776036441247975,0.6776742019036993,0.008196927801545883,1000,0.42862153630305155,0.4279787471773115,0.011491361209334843,1000,0.6052822873758178,0.6051674339714077,0.007359482269137992,1000,0.7753807106598984,0.7743739038355894,0.014980376073991403,1000,0.29617062530295685,0.29578896298017027,0.009996029106893976,1000
california,finetune,0.0,42,0,completed,,phi4_california_finetune_m000_ep10,phi_retry_20261001,4127,runs/retry_20261001/phi4_california_finetune_m000_ep10,0.9559409135487944,0.9558370499182411,0.002813687462617091,1000,0.8868778280542986,0.886646751708729,0.0052900415634345305,1000,0.8849042888296583,0.8847748970196269,0.005074909610915366,1000,0.8717228464419475,0.8715287866046081,0.007563019198513989,1000,0.902569074163839,0.9023478111134251,0.006328248249370777,1000
california,finetune,0.2,42,0,completed,,phi4_california_finetune_m020_ep10,phi_20260927,4127,runs/phi4_california_finetune_m020_ep10,0.9178789638029962,0.9177248921787639,0.003997302889511858,1000,0.8314883148831488,0.8311210292501424,0.00631542173133668,1000,0.8340198691543494,0.8337717470317423,0.00564436447236304,1000,0.8441558441558441,0.8436218596457802,0.008386367023634071,1000,0.8191953465826466,0.8190540054583355,0.00826823143349872,1000
california,finetune,0.5,42,0,completed,,phi4_california_finetune_m050_ep10,phi_20260927,4127,runs/phi4_california_finetune_m050_ep10,0.8470031460543275,0.846847764479772,0.005722017638728609,1000,0.7596824633148905,0.7595192427902914,0.007412511675036237,1000,0.7579355464017447,0.7579663193603102,0.006611944934000404,1000,0.7540592168099332,0.7538910563721404,0.009562575466250587,1000,0.7653902084343189,0.7653253522292301,0.00938918352124312,1000
california,finetune,0.9,42,0,completed,,phi4_california_finetune_m090_ep10,phi_retry_20261001,4127,runs/retry_20261001/phi4_california_finetune_m090_ep10,0.6285440081239408,0.628612790458845,0.008051731850236351,1000,0.44104525175270876,0.44111276987296566,0.011186906912333313,1000,0.574993942330991,0.5753215410709959,0.007561259496512023,1000,0.6437209302325582,0.6437150782413545,0.01488004810961519,1000,0.3354338342220068,0.33560864044634864,0.010519457056481408,1000
california,multitask,0.0,42,0,missing,Run directory does not exist,california,phi_retry_20261005,,runs/retry_20261005/phi4_multitask/california,,,,,,,,,,,,,,,,,,,,
car,zero_shot,0.0,42,0,completed,,phi4_car_zero_shot,phi_20260927,346,runs/phi4_car_zero_shot,0.6154190804719669,0.6151883742171542,0.01836585583020861,1000,0.09479048476074964,0.09461999061394927,0.008118259344050435,1000,0.2254335260115607,0.22534393063583816,0.02221359383677732,1000,0.3055555555555556,0.27328031081152376,0.08389060148711805,1000,0.24881936245572608,0.24866972399220724,0.0035637445363218964,1000
car,few_shot,0.0,42,64,completed,,phi4_car_few_shot_n64,phi_20260927,346,runs/phi4_car_few_shot_n64,0.9466984236330718,0.9464989276105438,0.007376332373526856,1000,0.64425132761878,0.637028973959788,0.04401580240480667,1000,0.6936416184971098,0.6924595375722542,0.024772543773448105,1000,0.6649859943977592,0.6619356160817119,0.044854514224448416,1000,0.7043184088638634,0.7027583670453652,0.048785767391094456,1000
car,finetune,0.0,42,0,completed,,phi4_car_finetune_m000_ep10,phi_retry_20261001,346,runs/retry_20261001/phi4_car_finetune_m000_ep10,0.9999879302853281,0.9999878356200695,2.0921269717998344e-05,1000,0.9978694984305082,0.9978078134607941,0.0021596974903224926,1000,0.9971098265895953,0.9970317919075143,0.002926500451742963,1000,0.9967948717948718,0.9967234563779409,0.003214531656405055,1000,0.9989669421487604,0.9989394447252812,0.001047194950204587,1000
car,finetune,0.2,42,0,completed,,phi4_car_finetune_m020_ep10,phi_20260927,346,runs/phi4_car_finetune_m020_ep10,0.967883359437123,0.967771135717646,0.0059758707033561375,1000,0.7188327421701173,0.7139337714662235,0.04071409522507982,1000,0.846820809248555,0.8467803468208093,0.019795623856949694,1000,0.661050986050986,0.6594042588614364,0.03999040462279532,1000,0.8296022159658524,0.8297577255989327,0.04059851595076968,1000
car,finetune,0.5,42,0,completed,,phi4_car_finetune_m050_ep10,phi_retry_20261001,346,runs/retry_20261001/phi4_car_finetune_m050_ep10,0.8794923651979558,0.8795255984912991,0.011989045159238912,1000,0.5030366463679861,0.49947852219008587,0.041739402294821516,1000,0.6416184971098265,0.6424682080924855,0.02694355887717311,1000,0.5005382775119617,0.5004900899411866,0.037190318199746546,1000,0.5988556897647807,0.5993665670206956,0.050746272081552336,1000
car,finetune,0.9,42,0,completed,,phi4_car_finetune_m090_ep10,phi_20260927,346,runs/phi4_car_finetune_m090_ep10,0.6716529316825737,0.6708146956129678,0.02924584260687057,1000,0.17751650122252444,0.17611693496385641,0.024627845052676383,1000,0.23121387283236994,0.2308670520231214,0.02251151380448436,1000,0.3318121705828482,0.3309410249690458,0.0396461089506058,1000,0.3311574788847516,0.33135282469039795,0.044225070347937115,1000
car,multitask,0.0,42,0,missing,Run directory does not exist,car,phi_retry_20261005,,runs/retry_20261005/phi4_multitask/car,,,,,,,,,,,,,,,,,,,,
credit_g,zero_shot,0.0,42,0,completed,,phi4_credit_g_zero_shot,phi_20260927,200,runs/phi4_credit_g_zero_shot,0.49363095238095234,0.4936753163229372,0.041187517761110286,1000,0.6259541984732825,0.6253649862696454,0.0330462374882976,1000,0.51,0.510515,0.03302651246386039,1000,0.6721311475409836,0.671890826348169,0.04176818341223147,1000,0.5857142857142857,0.5866249722514906,0.04092370484845261,1000
credit_g,few_shot,0.0,42,64,completed,,phi4_credit_g_few_shot_n64,phi_20260927,200,runs/phi4_credit_g_few_shot_n64,0.5380952380952382,0.5382730633388189,0.04041279850858245,1000,0.5094339622641509,0.5087015980984756,0.039606608252920575,1000,0.48,0.48078499999999996,0.03345112483538862,1000,0.75,0.7499066140443049,0.05042942479003995,1000,0.38571428571428573,0.38622204452717745,0.03919313572390229,1000
credit_g,finetune,0.0,42,0,completed,,phi4_credit_g_finetune_m000_ep20,phi_20260927,200,runs/phi4_credit_g_finetune_m000_ep20,0.7407738095238097,0.740589485176503,0.03830815282119181,1000,0.7644787644787645,0.7635527757607888,0.029073092332585485,1000,0.695,0.69504,0.03265983871768298,1000,0.8319327731092437,0.8317505345009872,0.034915080494946,1000,0.7071428571428572,0.7069295204881993,0.03809439905766332,1000
credit_g,finetune,0.2,42,0,completed,,phi4_credit_g_finetune_m020_ep20,phi_20260927,200,runs/phi4_credit_g_finetune_m020_ep20,0.7041071428571429,0.7030927167182718,0.03910696846479158,1000,0.6388888888888888,0.6359292113880621,0.03942293370698315,1000,0.61,0.6090599999999999,0.03531591162087727,1000,0.9078947368421053,0.9073980930517009,0.03409928513644684,1000,0.4928571428571429,0.49081666202837926,0.04333094649290016,1000
credit_g,finetune,0.5,42,0,completed,,phi4_credit_g_finetune_m050_ep20,phi_20260927,200,runs/phi4_credit_g_finetune_m050_ep20,0.6688690476190476,0.669191172670023,0.04168169737776479,1000,0.6995884773662552,0.6980575071466774,0.03560710154805964,1000,0.635,0.634915,0.035951499068679824,1000,0.8252427184466019,0.825049261338402,0.04029282541406002,1000,0.6071428571428571,0.606400541800459,0.043503733018869284,1000
credit_g,finetune,0.9,42,0,completed,,phi4_credit_g_finetune_m090_ep20,phi_20260927,200,runs/phi4_credit_g_finetune_m090_ep20,0.5758333333333333,0.5775757605055496,0.043316998299136954,1000,0.6533864541832669,0.6530205179531754,0.034234518875170816,1000,0.565,0.5662,0.03424080069788719,1000,0.7387387387387387,0.7392934769416224,0.041723302062319154,1000,0.5857142857142857,0.5862680127785775,0.04111416464518539,1000
credit_g,multitask,0.0,42,0,missing,Run directory does not exist,credit_g,phi_retry_20261005,,runs/retry_20261005/phi4_multitask/credit_g,,,,,,,,,,,,,,,,,,,,
diabetes,zero_shot,0.0,42,0,completed,,phi4_diabetes_zero_shot,phi_20260927,154,runs/phi4_diabetes_zero_shot,0.8150925925925926,0.8150044870663666,0.03366052143182009,1000,0.6666666666666666,0.6654516715893151,0.050742243059669276,1000,0.7467532467532467,0.7470714285714286,0.03393931472047228,1000,0.6190476190476191,0.6192673388908905,0.06131554900088945,1000,0.7222222222222222,0.7236639564598102,0.0618663003470828,1000
diabetes,few_shot,0.0,42,64,completed,,phi4_diabetes_few_shot_n64,phi_20260927,154,runs/phi4_diabetes_few_shot_n64,0.7066666666666667,0.7077267751671348,0.04020322930786592,1000,0.509090909090909,0.5069165053048847,0.0581321488078211,1000,0.6493506493506493,0.6507857142857142,0.03753312393741861,1000,0.5,0.5021275526712254,0.06731628886160207,1000,0.5185185185185185,0.5162872719454272,0.06634318208740608,1000
diabetes,finetune,0.0,42,0,completed,,phi4_diabetes_finetune_m000_ep20,phi_20260927,154,runs/phi4_diabetes_finetune_m000_ep20,0.8450000000000001,0.8443290552107396,0.030999118504872532,1000,0.6829268292682927,0.6809524119706258,0.04888979243821918,1000,0.7467532467532467,0.7464285714285714,0.035066535955917556,1000,0.6086956521739131,0.608394797984235,0.059517076794080984,1000,0.7777777777777778,0.7777711692908592,0.05703789171981945,1000
diabetes,finetune,0.2,42,0,completed,,phi4_diabetes_finetune_m020_ep20,phi_20260927,154,runs/phi4_diabetes_finetune_m020_ep20,0.8062962962962964,0.8057170975173679,0.035162330109925054,1000,0.6422018348623854,0.6413216611611863,0.053503401933131134,1000,0.7467532467532467,0.7480844155844156,0.03433151206778568,1000,0.6363636363636364,0.6388263906361397,0.06492275726645184,1000,0.6481481481481481,0.6479868297644207,0.06405407117767806,1000
diabetes,finetune,0.5,42,0,completed,,phi4_diabetes_finetune_m050_ep20,phi_20260927,154,runs/phi4_diabetes_finetune_m050_ep20,0.6917592592592593,0.6923497388693792,0.04073740817489669,1000,0.5528455284552846,0.5514717570420189,0.05285053702245092,1000,0.6428571428571429,0.6437402597402598,0.03829092342637047,1000,0.4927536231884058,0.49421903816238877,0.060374425631061816,1000,0.6296296296296297,0.6293601202124467,0.06535801337958114,1000
diabetes,finetune,0.9,42,0,completed,,phi4_diabetes_finetune_m090_ep20,phi_20260927,154,runs/phi4_diabetes_finetune_m090_ep20,0.5522222222222223,0.554215648891742,0.0480379577748048,1000,0.21686746987951808,0.2176576731900243,0.06340478475660187,1000,0.577922077922078,0.579409090909091,0.039513179943070485,1000,0.3103448275862069,0.31470594836284227,0.09168569873826281,1000,0.16666666666666666,0.16888376776839586,0.053547288382466585,1000
diabetes,multitask,0.0,42,0,missing,Run directory does not exist,diabetes,phi_retry_20261005,,runs/retry_20261005/phi4_multitask/diabetes,,,,,,,,,,,,,,,,,,,,
heart,zero_shot,0.0,42,0,completed,,phi4_heart_zero_shot,phi_20260927,184,runs/phi4_heart_zero_shot,0.7911286465805835,0.7901706462252283,0.03608507262992126,1000,0.7313432835820896,0.7310184367718668,0.030514770307241267,1000,0.6086956521739131,0.609429347826087,0.03618483979063818,1000,0.5903614457831325,0.5906041520608327,0.038202977012473514,1000,0.9607843137254902,0.9615775990608049,0.018954997456369863,1000
heart,few_shot,0.0,42,64,completed,,phi4_heart_few_shot_n64,phi_20260927,184,runs/phi4_heart_few_shot_n64,0.8180296508847441,0.8186751304121647,0.03200312883695744,1000,0.774468085106383,0.7741517942599672,0.030913181015662962,1000,0.7119565217391305,0.7122282608695653,0.03461579738048092,1000,0.6842105263157895,0.6837674511064065,0.04061855445216222,1000,0.8921568627450981,0.8940353540152483,0.03157154192344512,1000
heart,finetune,0.0,42,0,completed,,phi4_heart_finetune_m000_ep20,phi_20260927,184,runs/phi4_heart_finetune_m000_ep20,0.9401004304160689,0.938984901256723,0.01798742947452996,1000,0.9073170731707317,0.90558198852676,0.021802322310363626,1000,0.8967391304347826,0.8953695652173913,0.02315539414776288,1000,0.9029126213592233,0.9022365835045129,0.02946167282835656,1000,0.9117647058823529,0.9097566079904468,0.028192778437920955,1000
heart,finetune,0.2,42,0,completed,,phi4_heart_finetune_m020_ep20,phi_20260927,184,runs/phi4_heart_finetune_m020_ep20,0.8995098039215687,0.8984893252361079,0.023651732524545756,1000,0.8042328042328042,0.8017809257105225,0.031974938796643336,1000,0.7989130434782609,0.797483695652174,0.030169969655067644,1000,0.8735632183908046,0.8725765581899185,0.036609162416296984,1000,0.7450980392156863,0.7430867833439226,0.04327064143079395,1000
heart,finetune,0.5,42,0,completed,,phi4_heart_finetune_m050_ep20,phi_20260927,184,runs/phi4_heart_finetune_m050_ep20,0.8452295552367288,0.8436654111131033,0.03379034869070347,1000,0.8380952380952381,0.8361984562676595,0.02784698924815065,1000,0.8152173913043478,0.8138913043478261,0.029084518841961348,1000,0.8148148148148148,0.8134950585675962,0.03731898373307143,1000,0.8627450980392157,0.861478682363334,0.03356815053224497,1000
heart,finetune,0.9,42,0,completed,,phi4_heart_finetune_m090_ep20,phi_20260927,184,runs/phi4_heart_finetune_m090_ep20,0.6937470109995217,0.693762578397093,0.04000044645650027,1000,0.6698113207547169,0.668583509327168,0.03864263701499004,1000,0.6195652173913043,0.6189565217391304,0.037111282450115836,1000,0.6454545454545455,0.644105129253834,0.045552756010062714,1000,0.696078431372549,0.6973090203698248,0.04835072265503056,1000
heart,multitask,0.0,42,0,missing,Run directory does not exist,heart,phi_retry_20261005,,runs/retry_20261005/phi4_multitask/heart,,,,,,,,,,,,,,,,,,,,
income,zero_shot,0.0,42,0,completed,,phi4_income_zero_shot,phi_20260927,9769,runs/phi4_income_zero_shot,0.8009566540832633,0.8008315626204134,0.005243211621605345,1000,0.3901176863366998,0.3898844879569409,0.00540460695190519,1000,0.2520217013000307,0.2518628314054663,0.004256552400951335,1000,0.24235196515607177,0.2421857504756866,0.004166916474008871,1000,0.9995722840034217,0.9995755907183269,0.00043152507003889145,1000
income,few_shot,0.0,42,64,completed,,phi4_income_few_shot_n64,phi_20260927,9769,runs/phi4_income_few_shot_n64,0.827609473365398,0.8275623689033971,0.004590051606445878,1000,0.5885875894193978,0.5882132485050352,0.007355923174170235,1000,0.7468522878493192,0.7466634251202784,0.00432670876675419,1000,0.4816226517832834,0.4811554899136333,0.007907044692008916,1000,0.7566295979469632,0.7566649394008004,0.00878241679081128,1000
income,finetune,0.0,42,0,completed,,phi4_income_finetune_m000_ep3,phi_20260927,9769,runs/phi4_income_finetune_m000_ep3,0.929529487078096,0.9294846832686375,0.0027183229428326106,1000,0.7075586446568202,0.7072683817590232,0.00676938595952393,1000,0.8277203398505476,0.8276086600470877,0.0038381172171086672,1000,0.5958443078724027,0.5954406373735732,0.008213988370472866,1000,0.8708297690333618,0.8709111506271746,0.00675456312789914,1000
income,finetune,0.2,42,0,completed,,phi4_income_finetune_m020_ep3,phi_20260927,9769,runs/phi4_income_finetune_m020_ep3,0.9184215340010331,0.918411557839977,0.00290361769528419,1000,0.6935374149659864,0.6932792476391406,0.006966805036903916,1000,0.8155389497389702,0.815445081379875,0.0039639140468872664,1000,0.5756634669678148,0.5752985031082447,0.008265086265043428,1000,0.8721129170230967,0.872241173346471,0.006949542508184765,1000
income,finetune,0.5,42,0,completed,,phi4_income_finetune_m050_ep3,phi_20260927,9769,runs/phi4_income_finetune_m050_ep3,0.8806019082430329,0.8805058106312017,0.0035535596860632275,1000,0.6347740019795447,0.6344979327033816,0.007209312306114863,1000,0.7733647251509879,0.7731987920974511,0.0041539509579722736,1000,0.5166487647690655,0.5162023850914524,0.008036219102297808,1000,0.8229255774165953,0.8232502017332921,0.007958178593322235,1000
income,finetune,0.9,42,0,completed,,phi4_income_finetune_m090_ep3,phi_20260927,9769,runs/phi4_income_finetune_m090_ep3,0.695569786662329,0.6954531871459759,0.00589598119665168,1000,0.4326497788500201,0.4324623160193844,0.008454794657035565,1000,0.7111270344968779,0.7112127136861501,0.004527202475373733,1000,0.40819423368740515,0.4080075344868471,0.009096863662729958,1000,0.4602224123182207,0.4601393640490336,0.010057488348611265,1000
income,multitask,0.0,42,0,missing,Run directory does not exist,income,phi_retry_20261005,,runs/retry_20261005/phi4_multitask/income,,,,,,,,,,,,,,,,,,,,
